-- phpMyAdmin SQL Dump
-- version 5.2.1
-- https://www.phpmyadmin.net/
--
-- Servidor: 127.0.0.1
-- Tiempo de generaci贸n: 30-10-2023 a las 23:30:11
-- Versi贸n del servidor: 10.4.28-MariaDB
-- Versi贸n de PHP: 8.2.4

SET SQL_MODE = "NO_AUTO_VALUE_ON_ZERO";
START TRANSACTION;
SET time_zone = "+00:00";


/*!40101 SET @OLD_CHARACTER_SET_CLIENT=@@CHARACTER_SET_CLIENT */;
/*!40101 SET @OLD_CHARACTER_SET_RESULTS=@@CHARACTER_SET_RESULTS */;
/*!40101 SET @OLD_COLLATION_CONNECTION=@@COLLATION_CONNECTION */;
/*!40101 SET NAMES utf8mb4 */;

--
-- Base de datos: `hotel`
--

DELIMITER $$
--
-- Procedimientos
--
CREATE DEFINER=`root`@`localhost` PROCEDURE `out_of_service` (IN `var_id_habitacion` INT)   BEGIN

UPDATE habitaciones
SET estado = "Out of service"
WHERE id = var_id_habitacion;

END$$

CREATE DEFINER=`root`@`localhost` PROCEDURE `randomReservations` ()   BEGIN

DECLARE date1 DATE;
DECLARE date2 DATE;
DECLARE room INT DEFAULT 0;
DECLARE precio INT DEFAULT 0;

SELECT id FROM habitaciones
WHERE estado !=  "Out of service"
ORDER BY RAND() 
LIMIT 1
INTO room;

SELECT habitaciones.precio FROM habitaciones WHERE id = room LIMIT 1 INTO precio;

SET date1 = randomDATE();
SET date2 = randomDATE();

WHILE (DATEDIFF(date2, date1) < 1) DO
	SET date1 = randomDATE();
	SET date2 = randomDATE();
END WHILE;

INSERT INTO reservas (id_reserva, id_habitacion, id_cliente, data_entrada, data_salida, precio_inicial, precio_final, estado, json_servicios)
VALUES
(DEFAULT, room, (FLOOR(1 + (RAND() * 500))), date1, date2, precio, (precio + FLOOR(10 + (RAND() * 300))),"Check-in",trueValuesJSON(room));
END$$

--
-- Funciones
--
CREATE DEFINER=`root`@`localhost` FUNCTION `randomDATE` () RETURNS DATE  RETURN (SELECT CURDATE() - INTERVAL FLOOR(RAND() * 14) DAY)$$

CREATE DEFINER=`root`@`localhost` FUNCTION `search_by_service` (`var_wifi` VARCHAR(255), `var_aire_acondicionado` VARCHAR(255), `var_cocina` VARCHAR(255), `var_caja_fuerte` VARCHAR(255), `var_limpieza_diaria` VARCHAR(255), `var_cambio_sabanas_y_toallas` VARCHAR(255), `var_regalo` VARCHAR(255)) RETURNS INT(11)  RETURN (SELECT id FROM view_habitaciones_available
WHERE
wifi = var_wifi
AND
aire_acondicionado = var_aire_acondicionado
AND
cocina = var_cocina
AND
caja_fuerte = var_caja_fuerte
AND
limpieza_diaria = var_limpieza_diaria
AND
cambio_sabanas_y_toallas = var_cambio_sabanas_y_toallas
AND
regalo = var_regalo)$$

CREATE DEFINER=`root`@`localhost` FUNCTION `trueValuesJSON` (`var_id_room` INT) RETURNS LONGTEXT CHARSET utf8mb4 COLLATE utf8mb4_bin  BEGIN

DECLARE len INT DEFAULT 0;
DECLARE json_len INT DEFAULT 0;
DECLARE json JSON;
DECLARE result JSON;
DECLARE j INT DEFAULT 0;

SET result = JSON_ARRAY();
SET json = JSON_ARRAY();
SET len = (SELECT COUNT(*) FROM habitaciones);

SET json = (SELECT JSON_SEARCH(json_caracteristicas, 'all', '1') FROM habitaciones WHERE id = var_id_room);
SET json_len = JSON_LENGTH(json, '$');
	WHILE j < json_len DO
		SELECT JSON_ARRAY_INSERT( result, CONCAT('$[',j,']') , REPLACE(JSON_UNQUOTE(JSON_EXTRACT(json,CONCAT('$[',j,']'))), '$.', '') ) INTO result;
		SET j = j + 1;
	END WHILE;
RETURN result;

END$$

DELIMITER ;

-- --------------------------------------------------------

--
-- Estructura de tabla para la tabla `clientes`
--

CREATE TABLE `clientes` (
  `id` int(11) NOT NULL,
  `nombre` varchar(255) DEFAULT NULL,
  `DNI` varchar(255) DEFAULT NULL,
  `email` varchar(255) DEFAULT NULL,
  `telefono` varchar(255) DEFAULT NULL,
  `metodo_pago` varchar(255) DEFAULT NULL,
  `username` text NOT NULL,
  `passwd` text NOT NULL,
  `pfp` text NOT NULL
) ENGINE=InnoDB DEFAULT CHARSET=utf8mb4 COLLATE=utf8mb4_general_ci;

--
-- Volcado de datos para la tabla `clientes`
--

INSERT INTO `clientes` (`id`, `nombre`, `DNI`, `email`, `telefono`, `metodo_pago`, `username`, `passwd`, `pfp`) VALUES
(2, 'Sidney Silva Braz de Oliveira', 'Y4379386P', 'silvasidney721@gmail.com', '627950229', 'efectivo', 'sidneysilvasilva', '12345abc', 'images/pfps/IMG_20230727_121906_480.jpg'),
(3, 'Lil Uzi Vert', '401999876Y', 'therealliluzi@yahoo.com', '1629', 'efectivo', 'therealuzi', 'uziuziuzi', 'images/pfps/liluzi.png'),
(4, 'Playboi Carti', 'Y4379386P', 'playboicarti@gmail.com', '677659116', 'efectivo', 'playboicarti', 'carti123', 'images/pfps/cartiinjail.jpg'),
(5, 'MF DOOM', 'DOOM', 'doom@gmail.com', '123456789', 'efectivo', 'mfdoom', 'theraldoom', 'images/pfps/06b4d905ba7a5517a15f397e22cf28de.jpg'),
(6, 'Destroy Lonely', 'LONELY', 'lonely@opium.com', '6346343653', 'efectivo', 'destroylonely', 'lone', 'images/pfps/b0cc15b21a243751f68d02a4600bf2df.jpg'),
(7, 'Future', '401999876Y', 'future@gmail.com', '6552900', 'paypal', 'future', 'asdfasdfasdfasdfasd', 'images/pfps/aa42856e6ea23ed7dbc69ce5d12469aa.jpg'),
(8, 'Donald Trum', '4621934621934', 'dt@thewhitehouse.com', '34532532525', 'paypal', 'donaldtrumpet', 'sadfasdfasdfasdf', 'images/pfps/20230825_131806.jpg'),
(9, 'Sassy Maximo', 'Y4379286P', 'sassymaxim@gmail.com', '6969696969', 'tarjeta', 'sassynzestymax', '111111', 'images/pfps/Screenshot_20231027-102810_Gallery.jpg'),
(10, 'Sebast铆an', '20232023AM', 'sebassus@gmail.com', '12313123123', 'paypal', 'sebaslikescars', '12345', 'images/pfps/Screenshot_20231029_140109_Gallery.jpg'),
(11, 'Opium Michael', 'sdafaslkfsa93', 'opiummichael@gmail.com', '677659812', 'paypal', 'opmichael', '21312313132', 'images/pfps/Screenshot_20230906-140119_Instagram.jpg'),
(12, 'Rizzy Sebas', '401999876Y', 'therizzyofmenorca@hotmail.com', '655782312', 'efectivo', 'therealrizz', '45', 'images/pfps/Screenshot_20230802-152749_WhatsApp.jpg'),
(13, '垛锔Sergi', '20232023AM', 'walkinguy@gmail.com', '7777777777', 'tarjeta', 'thewalkingmen', 'asdfasdfasdfasdf', 'images/pfps/Screenshot_20230802-163946_Photos.jpg'),
(14, 'Ojitos Cerrados', 'Ojitos Cerrados', 'ojitoscerrados@gmail.com', '0', 'paypal', 'ojitoscerrados', 'ojitoscerrados', 'images/pfps/Screenshot_20230802-164111_Photos.jpg');

-- --------------------------------------------------------

--
-- Estructura de tabla para la tabla `empleados`
--

CREATE TABLE `empleados` (
  `id` int(11) NOT NULL,
  `nombre` varchar(255) DEFAULT NULL,
  `apellidos` varchar(255) DEFAULT NULL,
  `DNI` varchar(255) DEFAULT NULL,
  `email` varchar(255) DEFAULT NULL,
  `telefono` varchar(255) DEFAULT NULL,
  `cargo` varchar(255) NOT NULL,
  `id_local` int(11) DEFAULT NULL
) ENGINE=InnoDB DEFAULT CHARSET=utf8mb4 COLLATE=utf8mb4_general_ci;

--
-- Volcado de datos para la tabla `empleados`
--

INSERT INTO `empleados` (`id`, `nombre`, `apellidos`, `DNI`, `email`, `telefono`, `cargo`, `id_local`) VALUES
(1, 'Ana', 'L贸pez', '146522374', 'ana.l贸pez@company.com', '947685349', 'Recepcionista', 1),
(2, 'Pedro', 'Mart铆nez', '390027642', 'pedro.mart铆nez@company.com', '965449185', 'Gobernante', NULL),
(3, 'Mar铆a', 'Garc铆a', '123307944', 'mar铆a.garc铆a@company.com', '920913954', 'Recepcionista', 5),
(4, 'Ana', 'L贸pez', '899796132', 'ana.l贸pez@company.com', '993272206', 'Camarero', 2),
(5, 'Ana', 'L贸pez', '565184154', 'ana.l贸pez@company.com', '961827937', 'Camarero', 2),
(6, 'Pedro', 'Mart铆nez', '513194722', 'pedro.mart铆nez@company.com', '940239663', 'Camarero', 2),
(7, 'Pedro', 'Mart铆nez', '254993274', 'pedro.mart铆nez@company.com', '957216520', 'Camarero', 2),
(8, 'Ana', 'L贸pez', '102045124', 'ana.l贸pez@company.com', '975817038', 'Entrenador', 5),
(9, 'Pedro', 'Mart铆nez', '840216492', 'pedro.mart铆nez@company.com', '973835536', 'Entrenador', 5),
(10, 'Ana', 'L贸pez', '117450202', 'ana.l贸pez@company.com', '945572801', 'Entrenador', 9),
(11, 'Pedro', 'Mart铆nez', '962955054', 'pedro.mart铆nez@company.com', '992454226', 'Entrenador', 9),
(12, 'Mar铆a', 'Garc铆a', '237840962', 'mar铆a.garc铆a@company.com', '931665590', 'Presentadora', 7),
(13, 'Ana', 'L贸pez', '582755874', 'ana.l贸pez@company.com', '950629024', 'Presentadora', 8),
(14, 'Ana', 'L贸pez', '539919942', 'ana.l贸pez@company.com', '919956724', 'Boton', NULL),
(15, 'Pedro', 'Mart铆nez', '253399584', 'pedro.mart铆nez@company.com', '998542043', 'Boton', NULL),
(16, 'Pedro', 'Mart铆nez', '709589282', 'pedro.mart铆nez@company.com', '998331738', 'Boton', NULL),
(17, 'Ana', 'L贸pez', '454464772', 'ana.l贸pez@company.com', '980342373', 'Gobernanta', NULL),
(18, 'Pedro', 'Mart铆nez', '947242934', 'pedro.mart铆nez@company.com', '984052080', 'Recepcionista', 10),
(19, 'Ana', 'L贸pez', '841031944', 'ana.l贸pez@company.com', '981312790', 'Recepcionista', 11),
(20, 'Pedro', 'Mart铆nez', '957322852', 'pedro.mart铆nez@company.com', '970856470', 'Recepcionista', NULL),
(21, 'Mar铆a', 'Garc铆a', '528977584', 'mar铆a.garc铆a@company.com', '985005347', 'Recepcionista', NULL),
(22, 'Ana', 'L贸pez', '120431884', 'ana.l贸pez@company.com', '958445752', 'Recepcionista', NULL),
(23, 'Pedro', 'Mart铆nez', '608762462', 'pedro.mart铆nez@company.com', '925140166', 'Cocinero', 2),
(24, 'Ana', 'L贸pez', '937142542', 'ana.l贸pez@company.com', '914165686', 'Cocinero', 2),
(25, 'Pedro', 'Mart铆nez', '764331644', 'pedro.mart铆nez@company.com', '983333142', 'Cocinero', 2),
(26, 'Mar铆a', 'Garc铆a', '871117772', 'mar铆a.garc铆a@company.com', '953209635', 'Cocinero', 11),
(27, 'Ana', 'L贸pez', '819187724', 'ana.l贸pez@company.com', '981199476', 'Cocinero', 11),
(28, 'Ana', 'L贸pez', '345114242', 'ana.l贸pez@company.com', '911001049', 'Cocinero', 11),
(29, 'Pedro', 'Mart铆nez', '800381194', 'pedro.mart铆nez@company.com', '980193810', 'Cocinero', 2),
(30, 'Pedro', 'Mart铆nez', '195425892', 'pedro.mart铆nez@company.com', '956467541', 'Camarero', 11),
(31, 'Ana', 'L贸pez', '100335252', 'ana.l贸pez@company.com', '986753679', 'Camarero', 11),
(32, 'Pedro', 'Mart铆nez', '146414094', 'pedro.mart铆nez@company.com', '970541272', 'Camarero', 11),
(33, 'Pedro', 'Mart铆nez', '827780893', 'pedro.mart铆nez@company.com', '985716551', 'Socorrista', NULL),
(34, 'Mar铆a', 'L贸pez', '367663082', 'mar铆a.l贸pez@company.com', '965081149', 'Socorrista', NULL),
(35, 'Mar铆a', 'L贸pez', '470899604', 'mar铆a.l贸pez@company.com', '969752364', 'Socorrista', NULL),
(36, 'Pedro', 'Mart铆nez', '471103753', 'pedro.mart铆nez@company.com', '991161588', 'Socorrista', NULL),
(37, 'Mar铆a', 'L贸pez', '620116272', 'mar铆a.l贸pez@company.com', '973423339', 'Socorrista', NULL),
(38, 'Pedro', 'Mart铆nez', '724339081', 'pedro.mart铆nez@company.com', '977044366', 'Socorrista', NULL),
(39, 'Mar铆a', 'L贸pez', '247272664', 'mar铆a.l贸pez@company.com', '921383031', 'Masajista', NULL),
(40, 'Juan', 'G贸mez', '409374432', 'juan.g贸mez@company.com', '990954151', 'Masajista', NULL),
(41, 'Pedro', 'Mart铆nez', '218948213', 'pedro.mart铆nez@company.com', '930432794', 'Masajista', NULL),
(42, 'Pedro', 'Mart铆nez', '346661101', 'pedro.mart铆nez@company.com', '957967453', 'Masajista', NULL),
(43, 'Mar铆a', 'L贸pez', '809325044', 'mar铆a.l贸pez@company.com', '910920998', 'Masajista', NULL),
(44, 'Mar铆a', 'L贸pez', '906442702', 'mar铆a.l贸pez@company.com', '982070974', 'Masajista', NULL),
(45, 'Pedro', 'Mart铆nez', '852593051', 'pedro.mart铆nez@company.com', '945939901', 'Camarero', 11),
(46, 'Mar铆a', 'L贸pez', '151498994', 'mar铆a.l贸pez@company.com', '995844400', 'Camarero', 2),
(47, 'Pedro', 'Mart铆nez', '449583673', 'pedro.mart铆nez@company.com', '959550592', 'Camarero', 11),
(48, 'Mar铆a', 'L贸pez', '971125182', 'mar铆a.l贸pez@company.com', '988733111', 'Camarero', 2),
(49, 'Juan', 'G贸mez', '903206614', 'juan.g贸mez@company.com', '958575188', 'Camarero', 11),
(50, 'Pedro', 'Mart铆nez', '383833223', 'pedro.mart铆nez@company.com', '936128348', 'Camarero', 2);

-- --------------------------------------------------------

--
-- Estructura de tabla para la tabla `habitaciones`
--

CREATE TABLE `habitaciones` (
  `id` int(11) NOT NULL,
  `nombre` varchar(255) DEFAULT NULL,
  `descripcion` longtext DEFAULT NULL,
  `capacidad` int(11) DEFAULT NULL,
  `tipo` varchar(255) DEFAULT NULL,
  `estado` varchar(255) DEFAULT NULL,
  `precio` decimal(10,0) DEFAULT NULL
) ENGINE=InnoDB DEFAULT CHARSET=utf8mb4 COLLATE=utf8mb4_general_ci;

--
-- Volcado de datos para la tabla `habitaciones`
--

INSERT INTO `habitaciones` (`id`, `nombre`, `descripcion`, `capacidad`, `tipo`, `estado`, `precio`) VALUES
(1, 'Habitaci贸n 130', 'Descripci贸n de la habitaci贸n 130', 1, 'Suite', 'Available', 212),
(2, 'Habitaci贸n 179', 'Descripci贸n de la habitaci贸n 179', 1, 'Suite', 'Available', 214),
(3, 'Habitaci贸n 170', 'Descripci贸n de la habitaci贸n 170', 4, 'Suite', 'Available', 146),
(4, 'Habitaci贸n 114', 'Descripci贸n de la habitaci贸n 114', 3, 'Suite', 'Available', 119),
(5, 'Habitaci贸n 154', 'Descripci贸n de la habitaci贸n 154', 2, 'Suite', 'Available', 217),
(6, 'Habitaci贸n 138', 'Descripci贸n de la habitaci贸n 138', 2, 'Suite', 'Available', 257),
(7, 'Habitaci贸n 187', 'Descripci贸n de la habitaci贸n 187', 2, 'Suite', 'Available', 272),
(8, 'Habitaci贸n 122', 'Descripci贸n de la habitaci贸n 122', 1, 'Suite', 'Available', 260),
(9, 'Habitaci贸n 162', 'Descripci贸n de la habitaci贸n 162', 2, 'Suite', 'Available', 245),
(10, 'Habitaci贸n 106', 'Descripci贸n de la habitaci贸n 106', 1, 'Suite', 'Available', 143),
(11, 'Habitaci贸n 146', 'Descripci贸n de la habitaci贸n 146', 3, 'Suite', 'Available', 179),
(12, 'Habitaci贸n 195', 'Descripci贸n de la habitaci贸n 195', 4, 'Suite', 'Available', 155),
(13, 'Habitaci贸n 196', 'Descripci贸n de la habitaci贸n 196', 4, 'Ejecutiva', 'Available', 228),
(14, 'Habitaci贸n 131', 'Descripci贸n de la habitaci贸n 131', 4, 'Ejecutiva', 'Available', 252),
(15, 'Habitaci贸n 180', 'Descripci贸n de la habitaci贸n 180', 3, 'Ejecutiva', 'Available', 277),
(16, 'Habitaci贸n 171', 'Descripci贸n de la habitaci贸n 171', 4, 'Ejecutiva', 'Available', 210),
(17, 'Habitaci贸n 115', 'Descripci贸n de la habitaci贸n 115', 3, 'Ejecutiva', 'Available', 288),
(18, 'Habitaci贸n 155', 'Descripci贸n de la habitaci贸n 155', 3, 'Ejecutiva', 'Available', 208),
(19, 'Habitaci贸n 139', 'Descripci贸n de la habitaci贸n 139', 2, 'Ejecutiva', 'Available', 265),
(20, 'Habitaci贸n 188', 'Descripci贸n de la habitaci贸n 188', 4, 'Ejecutiva', 'Available', 267),
(21, 'Habitaci贸n 123', 'Descripci贸n de la habitaci贸n 123', 3, 'Ejecutiva', 'Available', 277),
(22, 'Habitaci贸n 163', 'Descripci贸n de la habitaci贸n 163', 1, 'Ejecutiva', 'Available', 117),
(23, 'Habitaci贸n 107', 'Descripci贸n de la habitaci贸n 107', 3, 'Ejecutiva', 'Available', 207),
(24, 'Habitaci贸n 147', 'Descripci贸n de la habitaci贸n 147', 2, 'Ejecutiva', 'Available', 175),
(25, 'Habitaci贸n 197', 'Descripci贸n de la habitaci贸n 197', 3, 'Doble', 'Available', 288),
(26, 'Habitaci贸n 132', 'Descripci贸n de la habitaci贸n 132', 4, 'Doble', 'Available', 226),
(27, 'Habitaci贸n 181', 'Descripci贸n de la habitaci贸n 181', 2, 'Doble', 'Available', 218),
(28, 'Habitaci贸n 172', 'Descripci贸n de la habitaci贸n 172', 4, 'Doble', 'Available', 181),
(29, 'Habitaci贸n 116', 'Descripci贸n de la habitaci贸n 116', 3, 'Doble', 'Available', 241),
(30, 'Habitaci贸n 156', 'Descripci贸n de la habitaci贸n 156', 4, 'Doble', 'Available', 123),
(31, 'Habitaci贸n 140', 'Descripci贸n de la habitaci贸n 140', 3, 'Doble', 'Available', 276),
(32, 'Habitaci贸n 189', 'Descripci贸n de la habitaci贸n 189', 3, 'Doble', 'Available', 117),
(33, 'Habitaci贸n 124', 'Descripci贸n de la habitaci贸n 124', 1, 'Doble', 'Available', 174),
(34, 'Habitaci贸n 164', 'Descripci贸n de la habitaci贸n 164', 3, 'Doble', 'Available', 251),
(35, 'Habitaci贸n 108', 'Descripci贸n de la habitaci贸n 108', 4, 'Doble', 'Available', 250),
(36, 'Habitaci贸n 148', 'Descripci贸n de la habitaci贸n 148', 4, 'Doble', 'Available', 187),
(37, 'Habitaci贸n 149', 'Descripci贸n de la habitaci贸n 149', 2, 'Est谩ndar', 'Available', 204),
(38, 'Habitaci贸n 198', 'Descripci贸n de la habitaci贸n 198', 2, 'Est谩ndar', 'Available', 201),
(39, 'Habitaci贸n 133', 'Descripci贸n de la habitaci贸n 133', 1, 'Est谩ndar', 'Available', 154),
(40, 'Habitaci贸n 182', 'Descripci贸n de la habitaci贸n 182', 1, 'Est谩ndar', 'Available', 170),
(41, 'Habitaci贸n 173', 'Descripci贸n de la habitaci贸n 173', 3, 'Est谩ndar', 'Available', 126),
(42, 'Habitaci贸n 117', 'Descripci贸n de la habitaci贸n 117', 1, 'Est谩ndar', 'Available', 263),
(43, 'Habitaci贸n 157', 'Descripci贸n de la habitaci贸n 157', 4, 'Est谩ndar', 'Available', 199),
(44, 'Habitaci贸n 101', 'Descripci贸n de la habitaci贸n 101', 1, 'Est谩ndar', 'Available', 222),
(45, 'Habitaci贸n 141', 'Descripci贸n de la habitaci贸n 141', 2, 'Est谩ndar', 'Available', 226),
(46, 'Habitaci贸n 190', 'Descripci贸n de la habitaci贸n 190', 1, 'Est谩ndar', 'Available', 266),
(47, 'Habitaci贸n 125', 'Descripci贸n de la habitaci贸n 125', 3, 'Est谩ndar', 'Available', 205),
(48, 'Habitaci贸n 165', 'Descripci贸n de la habitaci贸n 165', 3, 'Est谩ndar', 'Available', 218),
(49, 'Habitaci贸n 109', 'Descripci贸n de la habitaci贸n 109', 1, 'Est谩ndar', 'Available', 228),
(50, 'Habitaci贸n 149', 'Descripci贸n de la habitaci贸n 149', 4, 'Suite', 'Available', 219),
(51, 'Habitaci贸n 198', 'Descripci贸n de la habitaci贸n 198', 4, 'Suite', 'Available', 169),
(52, 'Habitaci贸n 133', 'Descripci贸n de la habitaci贸n 133', 1, 'Suite', 'Available', 279),
(53, 'Habitaci贸n 182', 'Descripci贸n de la habitaci贸n 182', 1, 'Suite', 'Available', 284),
(54, 'Habitaci贸n 173', 'Descripci贸n de la habitaci贸n 173', 3, 'Suite', 'Available', 187),
(55, 'Habitaci贸n 117', 'Descripci贸n de la habitaci贸n 117', 4, 'Suite', 'Available', 103),
(56, 'Habitaci贸n 157', 'Descripci贸n de la habitaci贸n 157', 1, 'Suite', 'Available', 246),
(57, 'Habitaci贸n 101', 'Descripci贸n de la habitaci贸n 101', 1, 'Suite', 'Available', 126),
(58, 'Habitaci贸n 141', 'Descripci贸n de la habitaci贸n 141', 4, 'Suite', 'Available', 211),
(59, 'Habitaci贸n 190', 'Descripci贸n de la habitaci贸n 190', 3, 'Suite', 'Available', 187),
(60, 'Habitaci贸n 125', 'Descripci贸n de la habitaci贸n 125', 3, 'Suite', 'Available', 167),
(61, 'Habitaci贸n 165', 'Descripci贸n de la habitaci贸n 165', 3, 'Suite', 'Available', 262),
(62, 'Habitaci贸n 109', 'Descripci贸n de la habitaci贸n 109', 3, 'Suite', 'Available', 130),
(63, 'Habitaci贸n 150', 'Descripci贸n de la habitaci贸n 150', 2, 'Ejecutiva', 'Available', 294),
(64, 'Habitaci贸n 199', 'Descripci贸n de la habitaci贸n 199', 4, 'Ejecutiva', 'Available', 123),
(65, 'Habitaci贸n 134', 'Descripci贸n de la habitaci贸n 134', 2, 'Ejecutiva', 'Available', 113),
(66, 'Habitaci贸n 183', 'Descripci贸n de la habitaci贸n 183', 3, 'Ejecutiva', 'Available', 276),
(67, 'Habitaci贸n 174', 'Descripci贸n de la habitaci贸n 174', 1, 'Ejecutiva', 'Available', 280),
(68, 'Habitaci贸n 118', 'Descripci贸n de la habitaci贸n 118', 4, 'Ejecutiva', 'Available', 222),
(69, 'Habitaci贸n 158', 'Descripci贸n de la habitaci贸n 158', 1, 'Ejecutiva', 'Available', 239),
(70, 'Habitaci贸n 102', 'Descripci贸n de la habitaci贸n 102', 3, 'Ejecutiva', 'Available', 155),
(71, 'Habitaci贸n 142', 'Descripci贸n de la habitaci贸n 142', 1, 'Ejecutiva', 'Available', 254),
(72, 'Habitaci贸n 191', 'Descripci贸n de la habitaci贸n 191', 4, 'Ejecutiva', 'Available', 182),
(73, 'Habitaci贸n 126', 'Descripci贸n de la habitaci贸n 126', 3, 'Ejecutiva', 'Available', 245),
(74, 'Habitaci贸n 166', 'Descripci贸n de la habitaci贸n 166', 2, 'Ejecutiva', 'Available', 146),
(75, 'Habitaci贸n 110', 'Descripci贸n de la habitaci贸n 110', 4, 'Ejecutiva', 'Available', 162),
(76, 'Habitaci贸n 111', 'Descripci贸n de la habitaci贸n 111', 2, 'Doble', 'Available', 160),
(77, 'Habitaci贸n 151', 'Descripci贸n de la habitaci贸n 151', 2, 'Doble', 'Available', 208),
(78, 'Habitaci贸n 200', 'Descripci贸n de la habitaci贸n 200', 2, 'Doble', 'Available', 266),
(79, 'Habitaci贸n 135', 'Descripci贸n de la habitaci贸n 135', 4, 'Doble', 'Available', 194),
(80, 'Habitaci贸n 184', 'Descripci贸n de la habitaci贸n 184', 1, 'Doble', 'Available', 278),
(81, 'Habitaci贸n 175', 'Descripci贸n de la habitaci贸n 175', 2, 'Doble', 'Available', 137),
(82, 'Habitaci贸n 119', 'Descripci贸n de la habitaci贸n 119', 4, 'Doble', 'Available', 249),
(83, 'Habitaci贸n 159', 'Descripci贸n de la habitaci贸n 159', 2, 'Doble', 'Available', 237),
(84, 'Habitaci贸n 103', 'Descripci贸n de la habitaci贸n 103', 2, 'Doble', 'Available', 107),
(85, 'Habitaci贸n 143', 'Descripci贸n de la habitaci贸n 143', 2, 'Doble', 'Available', 129),
(86, 'Habitaci贸n 192', 'Descripci贸n de la habitaci贸n 192', 1, 'Doble', 'Available', 255),
(87, 'Habitaci贸n 127', 'Descripci贸n de la habitaci贸n 127', 4, 'Doble', 'Available', 176),
(88, 'Habitaci贸n 167', 'Descripci贸n de la habitaci贸n 167', 4, 'Doble', 'Available', 217),
(89, 'Habitaci贸n 177', 'Descripci贸n de la habitaci贸n 177', 2, 'Est谩ndar', 'Available', 152),
(90, 'Habitaci贸n 168', 'Descripci贸n de la habitaci贸n 168', 3, 'Est谩ndar', 'Available', 222),
(91, 'Habitaci贸n 112', 'Descripci贸n de la habitaci贸n 112', 3, 'Est谩ndar', 'Available', 197),
(92, 'Habitaci贸n 152', 'Descripci贸n de la habitaci贸n 152', 2, 'Est谩ndar', 'Available', 300),
(93, 'Habitaci贸n 136', 'Descripci贸n de la habitaci贸n 136', 1, 'Est谩ndar', 'Available', 124),
(94, 'Habitaci贸n 185', 'Descripci贸n de la habitaci贸n 185', 2, 'Est谩ndar', 'Available', 178),
(95, 'Habitaci贸n 176', 'Descripci贸n de la habitaci贸n 176', 1, 'Est谩ndar', 'Available', 250),
(96, 'Habitaci贸n 120', 'Descripci贸n de la habitaci贸n 120', 4, 'Est谩ndar', 'Available', 146),
(97, 'Habitaci贸n 160', 'Descripci贸n de la habitaci贸n 160', 3, 'Est谩ndar', 'Available', 197),
(98, 'Habitaci贸n 104', 'Descripci贸n de la habitaci贸n 104', 4, 'Est谩ndar', 'Available', 276),
(99, 'Habitaci贸n 144', 'Descripci贸n de la habitaci贸n 144', 3, 'Est谩ndar', 'Available', 267),
(100, 'Habitaci贸n 193', 'Descripci贸n de la habitaci贸n 193', 4, 'Est谩ndar', 'Available', 213),
(201, 'Bad Bunny', 'Descripoci贸n', 34, 'estandar', 'Available', 56),
(202, 'Habitaci贸n especial', '787, 5', 44, 'ejecutiva', 'Available', 21),
(203, 'dasfdasfa', 'asfasfasfsaf', 55, 'ejecutiva', 'Available', 77),
(204, 'maximo', 'maximo', 77, 'suite', 'Available', 9),
(205, 'MERCEDES CAROTA', 'Bad Bunny ft. YNGCHMI', 99, 'estandar', 'Available', 123456779),
(206, 'na', 'na', 5, 'suite', 'Available', 8),
(207, 'na', 'na', 5, 'suite', 'Available', 8),
(208, 'na', 'na', 5, 'suite', 'Available', 8),
(209, 'na', 'na', 5, 'suite', 'Available', 8),
(210, 'na', 'na', 5, 'suite', 'Available', 8),
(211, 'na', 'na', 5, 'suite', 'Available', 8),
(212, 'na', 'na', 5, 'suite', 'Available', 8),
(213, 'na', 'na', 5, 'suite', 'Available', 8),
(214, 'na', 'na', 5, 'suite', 'Available', 8),
(215, 'na', 'na', 5, 'suite', 'Available', 8),
(216, 'Habitaci贸n 69', 'Grand Theft Auto: San Andreas', 1629, 'ejecutiva', 'Available', 99),
(217, 'vamos a ver', 'asdfasfsdafasf', 44, 'ejecutiva', 'Available', 45345),
(218, 'vamos a ver', 'asdfasfsdafasf', 44, 'ejecutiva', 'Available', 45345),
(219, 'vamos a ver', 'asdfasfsdafasf', 44, 'ejecutiva', 'Available', 45345),
(220, 'Enrique', 'Quiere introducir una habitaci贸n', 23, 'ejecutiva', 'Available', 55),
(221, 'Go2DaMoon', 'Playboi Carti ft. Kanye West', 21, 'suite', 'Available', 34),
(222, 'Stop Breathing', 'Playboi Carti ft. Ken Carson', 33, 'ejecutiva', 'Available', 55),
(223, 'M谩ximo Cand谩s Combinaci贸n', 'Hola me llamo M谩ximo y tengo 19 a帽itos', 45, 'suite', 'Available', 55),
(224, 'Giselle', 'Sidney Silva Braz de Oliveira', 23, 'doble', 'Available', 77);

-- --------------------------------------------------------

--
-- Estructura de tabla para la tabla `locales`
--

CREATE TABLE `locales` (
  `id` int(11) NOT NULL,
  `nombre` varchar(255) DEFAULT NULL,
  `tipo` varchar(255) DEFAULT NULL,
  `ubicacion` varchar(255) DEFAULT NULL,
  `descripcion` longtext DEFAULT NULL,
  `json_caracteristicas` longtext CHARACTER SET utf8mb4 COLLATE utf8mb4_bin DEFAULT NULL CHECK (json_valid(`json_caracteristicas`))
) ENGINE=InnoDB DEFAULT CHARSET=utf8mb4 COLLATE=utf8mb4_general_ci;

--
-- Volcado de datos para la tabla `locales`
--

INSERT INTO `locales` (`id`, `nombre`, `tipo`, `ubicacion`, `descripcion`, `json_caracteristicas`) VALUES
(1, 'Local L麓Atelier', 'Tienda', 'Planta baja', 'Tienda Local L\'Atelier en la Planta Baja', '{\n    \"wifi\" : false,\n    \"aire_acondicionado\" : true,\n    \"interior\" : true,\n    \"terraza\" : false,\n    \"piscina\" : false\n}'),
(2, 'Il Porto', 'Restaurante', 'Piso 4', 'Restaurante Il Porto en el Piso 4', '{\n    \"wifi\" : true,\n    \"aire_acondicionado\" : true,\n    \"interior\" : true,\n    \"terraza\" : true,\n    \"piscina\" : false\n}'),
(3, 'Sal贸n de eventos 1', 'Sal贸n de eventos', 'Lobby', 'Sal贸n de eventos en el Lobby', '{\n    \"wifi\" : false,\n    \"aire_acondicionado\" : true,\n    \"interior\" : true,\n    \"terraza\" : false,\n    \"piscina\" : false\n}'),
(4, 'Maruja', 'Cafeter铆a', 'Piso 3', 'Cafeter铆a Maruja en el Piso 3', '{\n    \"wifi\" : true,\n    \"aire_acondicionado\" : true,\n    \"interior\" : true,\n    \"terraza\" : false,\n    \"piscina\" : false\n}'),
(5, 'Bio Sport', 'Gym', 'Piso 4', 'Gimnasio BioSport en el Piso 4', '{\n    \"wifi\" : false,\n    \"aire_acondicionado\" : false,\n    \"interior\" : false,\n    \"terraza\" : true,\n    \"piscina\" : false\n}'),
(6, 'Dior', 'Tienda', 'Piso 2', 'Tienda Dior en el Piso 2', '{\n    \"wifi\" : false,\n    \"aire_acondicionado\" : true,\n    \"interior\" : true,\n    \"terraza\" : false,\n    \"piscina\" : false\n}'),
(7, 'Sal贸n de eventos 2', 'Sal贸n de eventos', 'Terraza', 'Sal贸n de eventos en la Terraza', '{\n    \"wifi\" : false,\n    \"aire_acondicionado\" : false,\n    \"interior\" : false,\n    \"terraza\" : true,\n    \"piscina\" : false\n}'),
(8, 'Sal贸n de eventos 3', 'Sal贸n de eventos', 'Piso 1', 'Sal贸n de eventos en el Piso 1', '{\n    \"wifi\" : false,\n    \"aire_acondicionado\" : false,\n    \"interior\" : false,\n    \"terraza\" : true,\n    \"piscina\" : false\n}'),
(9, 'Bio Sport', 'Gym', 'Planta baja', 'Gimnasio BioSport en la Planta Baja', '{\n    \"wifi\" : true,\n    \"aire_acondicionado\" : true,\n    \"interior\" : true,\n    \"terraza\" : false,\n    \"piscina\" : true\n}'),
(10, 'Number (n)ine', 'Tienda', 'Piso 4', 'Tienda Number (nine) en el Piso 4', '{\n    \"wifi\" : true,\n    \"aire_acondicionado\" : true,\n    \"interior\" : true,\n    \"terraza\" : false,\n    \"piscina\" : false\n}'),
(11, 'Minerva', 'Restaurante', 'Planta baja', 'Restaurante Minerva en la Planta baja', '{\n    \"wifi\" : true,\n    \"aire_acondicionado\" : true,\n    \"interior\" : true,\n    \"terraza\" : false,\n    \"piscina\" : false\n}');

-- --------------------------------------------------------

--
-- Estructura de tabla para la tabla `reservas`
--

CREATE TABLE `reservas` (
  `id_reserva` int(11) NOT NULL,
  `id_habitacion` int(11) NOT NULL,
  `id_cliente` int(11) NOT NULL,
  `data_entrada` date DEFAULT NULL,
  `data_salida` date DEFAULT NULL,
  `precio_inicial` decimal(10,0) DEFAULT NULL,
  `precio_final` decimal(10,0) DEFAULT NULL,
  `estado` varchar(255) NOT NULL,
  `json_servicios` longtext CHARACTER SET utf8mb4 COLLATE utf8mb4_bin DEFAULT NULL CHECK (json_valid(`json_servicios`))
) ENGINE=InnoDB DEFAULT CHARSET=utf8mb4 COLLATE=utf8mb4_general_ci;

--
-- Disparadores `reservas`
--
DELIMITER $$
CREATE TRIGGER `tr_reservas_delete` AFTER DELETE ON `reservas` FOR EACH ROW UPDATE habitaciones
SET estado = "Available"
WHERE NOT EXISTS (SELECT 1
                 	FROM reservas
                 	WHERE habitaciones.id =
                 	reservas.id_habitacion)
$$
DELIMITER ;
DELIMITER $$
CREATE TRIGGER `tr_reservas_insert` AFTER INSERT ON `reservas` FOR EACH ROW UPDATE habitaciones
SET estado = "Booked"
WHERE EXISTS (SELECT 1
                 	FROM reservas
                 	WHERE habitaciones.id =
                 	reservas.id_habitacion)
$$
DELIMITER ;

-- --------------------------------------------------------

--
-- Estructura Stand-in para la vista `view_reservas_limite_hoy`
-- (V茅ase abajo para la vista actual)
--
CREATE TABLE `view_reservas_limite_hoy` (
`id_reserva` int(11)
,`id_habitacion` int(11)
,`id_cliente` int(11)
,`data_entrada` date
,`data_salida` date
,`precio_inicial` decimal(10,0)
,`precio_final` decimal(10,0)
,`estado` varchar(255)
,`json_servicios` longtext
);

-- --------------------------------------------------------

--
-- Estructura para la vista `view_reservas_limite_hoy`
--
DROP TABLE IF EXISTS `view_reservas_limite_hoy`;

CREATE ALGORITHM=UNDEFINED DEFINER=`root`@`localhost` SQL SECURITY DEFINER VIEW `view_reservas_limite_hoy`  AS SELECT `reservas`.`id_reserva` AS `id_reserva`, `reservas`.`id_habitacion` AS `id_habitacion`, `reservas`.`id_cliente` AS `id_cliente`, `reservas`.`data_entrada` AS `data_entrada`, `reservas`.`data_salida` AS `data_salida`, `reservas`.`precio_inicial` AS `precio_inicial`, `reservas`.`precio_final` AS `precio_final`, `reservas`.`estado` AS `estado`, `reservas`.`json_servicios` AS `json_servicios` FROM `reservas` WHERE `reservas`.`data_salida` >= curdate() ;

--
-- ndices para tablas volcadas
--

--
-- Indices de la tabla `clientes`
--
ALTER TABLE `clientes`
  ADD PRIMARY KEY (`id`),
  ADD UNIQUE KEY `username` (`username`) USING HASH;

--
-- Indices de la tabla `empleados`
--
ALTER TABLE `empleados`
  ADD PRIMARY KEY (`id`),
  ADD KEY `id_local` (`id_local`);

--
-- Indices de la tabla `habitaciones`
--
ALTER TABLE `habitaciones`
  ADD PRIMARY KEY (`id`);

--
-- Indices de la tabla `locales`
--
ALTER TABLE `locales`
  ADD PRIMARY KEY (`id`);

--
-- Indices de la tabla `reservas`
--
ALTER TABLE `reservas`
  ADD PRIMARY KEY (`id_reserva`),
  ADD UNIQUE KEY `id_habitacion` (`id_habitacion`) USING BTREE,
  ADD UNIQUE KEY `id_cliente` (`id_cliente`) USING BTREE;

--
-- AUTO_INCREMENT de las tablas volcadas
--

--
-- AUTO_INCREMENT de la tabla `clientes`
--
ALTER TABLE `clientes`
  MODIFY `id` int(11) NOT NULL AUTO_INCREMENT, AUTO_INCREMENT=15;

--
-- AUTO_INCREMENT de la tabla `empleados`
--
ALTER TABLE `empleados`
  MODIFY `id` int(11) NOT NULL AUTO_INCREMENT, AUTO_INCREMENT=101;

--
-- AUTO_INCREMENT de la tabla `habitaciones`
--
ALTER TABLE `habitaciones`
  MODIFY `id` int(11) NOT NULL AUTO_INCREMENT, AUTO_INCREMENT=225;

--
-- AUTO_INCREMENT de la tabla `locales`
--
ALTER TABLE `locales`
  MODIFY `id` int(11) NOT NULL AUTO_INCREMENT, AUTO_INCREMENT=21;

--
-- AUTO_INCREMENT de la tabla `reservas`
--
ALTER TABLE `reservas`
  MODIFY `id_reserva` int(11) NOT NULL AUTO_INCREMENT, AUTO_INCREMENT=171;

--
-- Restricciones para tablas volcadas
--

--
-- Filtros para la tabla `empleados`
--
ALTER TABLE `empleados`
  ADD CONSTRAINT `fk_local` FOREIGN KEY (`id_local`) REFERENCES `locales` (`id`);
COMMIT;

/*!40101 SET CHARACTER_SET_CLIENT=@OLD_CHARACTER_SET_CLIENT */;
/*!40101 SET CHARACTER_SET_RESULTS=@OLD_CHARACTER_SET_RESULTS */;
/*!40101 SET COLLATION_CONNECTION=@OLD_COLLATION_CONNECTION */;
