-- phpMyAdmin SQL Dump
-- version 5.2.1
-- https://www.phpmyadmin.net/
--
-- Servidor: 127.0.0.1
-- Tiempo de generaci贸n: 15-11-2023 a las 19:00:13
-- Versi贸n del servidor: 10.4.28-MariaDB
-- Versi贸n de PHP: 8.2.4

SET SQL_MODE = "NO_AUTO_VALUE_ON_ZERO";
START TRANSACTION;
SET time_zone = "+00:00";


/*!40101 SET @OLD_CHARACTER_SET_CLIENT=@@CHARACTER_SET_CLIENT */;
/*!40101 SET @OLD_CHARACTER_SET_RESULTS=@@CHARACTER_SET_RESULTS */;
/*!40101 SET @OLD_COLLATION_CONNECTION=@@COLLATION_CONNECTION */;
/*!40101 SET NAMES utf8mb4 */;

--
-- Base de datos: `hotel`
--

DELIMITER $$
--
-- Procedimientos
--
CREATE DEFINER=`root`@`localhost` PROCEDURE `out_of_service` (IN `var_id_habitacion` INT)   BEGIN

UPDATE habitaciones
SET estado = "Out of service"
WHERE id = var_id_habitacion;

END$$

CREATE DEFINER=`root`@`localhost` PROCEDURE `randomReservations` ()   BEGIN

DECLARE date1 DATE;
DECLARE date2 DATE;
DECLARE room INT DEFAULT 0;
DECLARE precio INT DEFAULT 0;

SELECT id FROM habitaciones
WHERE estado !=  "Out of service"
ORDER BY RAND() 
LIMIT 1
INTO room;

SELECT habitaciones.precio FROM habitaciones WHERE id = room LIMIT 1 INTO precio;

SET date1 = randomDATE();
SET date2 = randomDATE();

WHILE (DATEDIFF(date2, date1) < 1) DO
	SET date1 = randomDATE();
	SET date2 = randomDATE();
END WHILE;

INSERT INTO reservas (id_reserva, id_habitacion, id_cliente, data_entrada, data_salida, precio_inicial, precio_final, estado, json_servicios)
VALUES
(DEFAULT, room, (FLOOR(1 + (RAND() * 500))), date1, date2, precio, (precio + FLOOR(10 + (RAND() * 300))),"Check-in",trueValuesJSON(room));
END$$

--
-- Funciones
--
CREATE DEFINER=`root`@`localhost` FUNCTION `randomDATE` () RETURNS DATE  RETURN (SELECT CURDATE() - INTERVAL FLOOR(RAND() * 14) DAY)$$

CREATE DEFINER=`root`@`localhost` FUNCTION `search_by_service` (`var_wifi` VARCHAR(255), `var_aire_acondicionado` VARCHAR(255), `var_cocina` VARCHAR(255), `var_caja_fuerte` VARCHAR(255), `var_limpieza_diaria` VARCHAR(255), `var_cambio_sabanas_y_toallas` VARCHAR(255), `var_regalo` VARCHAR(255)) RETURNS INT(11)  RETURN (SELECT id FROM view_habitaciones_available
WHERE
wifi = var_wifi
AND
aire_acondicionado = var_aire_acondicionado
AND
cocina = var_cocina
AND
caja_fuerte = var_caja_fuerte
AND
limpieza_diaria = var_limpieza_diaria
AND
cambio_sabanas_y_toallas = var_cambio_sabanas_y_toallas
AND
regalo = var_regalo)$$

CREATE DEFINER=`root`@`localhost` FUNCTION `trueValuesJSON` (`var_id_room` INT) RETURNS LONGTEXT CHARSET utf8mb4 COLLATE utf8mb4_bin  BEGIN

DECLARE len INT DEFAULT 0;
DECLARE json_len INT DEFAULT 0;
DECLARE json JSON;
DECLARE result JSON;
DECLARE j INT DEFAULT 0;

SET result = JSON_ARRAY();
SET json = JSON_ARRAY();
SET len = (SELECT COUNT(*) FROM habitaciones);

SET json = (SELECT JSON_SEARCH(json_caracteristicas, 'all', '1') FROM habitaciones WHERE id = var_id_room);
SET json_len = JSON_LENGTH(json, '$');
	WHILE j < json_len DO
		SELECT JSON_ARRAY_INSERT( result, CONCAT('$[',j,']') , REPLACE(JSON_UNQUOTE(JSON_EXTRACT(json,CONCAT('$[',j,']'))), '$.', '') ) INTO result;
		SET j = j + 1;
	END WHILE;
RETURN result;

END$$

DELIMITER ;

-- --------------------------------------------------------

--
-- Estructura de tabla para la tabla `clientes`
--

CREATE TABLE `clientes` (
  `id` int(11) NOT NULL,
  `nombre` varchar(255) DEFAULT NULL,
  `DNI` varchar(255) DEFAULT NULL,
  `email` varchar(255) DEFAULT NULL,
  `telefono` varchar(255) DEFAULT NULL,
  `metodo_pago` varchar(255) DEFAULT NULL,
  `username` text NOT NULL,
  `passwd` text NOT NULL,
  `pfp` text NOT NULL
) ENGINE=InnoDB DEFAULT CHARSET=utf8mb4 COLLATE=utf8mb4_general_ci;

--
-- Volcado de datos para la tabla `clientes`
--

INSERT INTO `clientes` (`id`, `nombre`, `DNI`, `email`, `telefono`, `metodo_pago`, `username`, `passwd`, `pfp`) VALUES
(2, 'Sidney', 'Y4379386X', 'silvasidney721@gmail.com', '627950228', 'efectivo', 'sidneysilvasilva', '12345abc', 'images/pfps/IMG_20230727_121906_480.jpg'),
(3, 'Lil Uzi Vert', '401999876Y', 'therealliluzi@yahoo.com', '1629', 'efectivo', 'therealuzi', 'uziuziuzi', 'images/pfps/liluzi.png'),
(4, 'Playboi Carti', 'Y4379386P', 'playboicarti@gmail.com', '677659116', 'efectivo', 'playboicarti', 'carti123', 'images/pfps/cartiinjail.jpg'),
(5, 'MF DOOM', 'DOOM', 'doom@gmail.com', '123456789', 'efectivo', 'mfdoom', 'theraldoom', 'images/pfps/06b4d905ba7a5517a15f397e22cf28de.jpg'),
(6, 'Destroy Lonely', 'LONELY', 'lonely@opium.com', '6346343653', 'efectivo', 'destroylonely', 'lone', 'images/pfps/b0cc15b21a243751f68d02a4600bf2df.jpg'),
(7, 'Future', '401999876Y', 'future@gmail.com', '6552900', 'paypal', 'future', 'asdfasdfasdfasdfasd', 'images/pfps/aa42856e6ea23ed7dbc69ce5d12469aa.jpg'),
(8, 'Donald Trum', '4621934621934', 'dt@thewhitehouse.com', '34532532525', 'paypal', 'donaldtrumpet', 'sadfasdfasdfasdf', 'images/pfps/20230825_131806.jpg'),
(9, 'Sassy Maximo', 'Y4379286P', 'sassymaxim@gmail.com', '6969696969', 'tarjeta', 'sassynzestymax', '111111', 'images/pfps/Screenshot_20231027-102810_Gallery.jpg'),
(10, 'Sebast铆an', '20232023AM', 'sebassus@gmail.com', '12313123123', 'paypal', 'sebaslikescars', '12345', 'images/pfps/Screenshot_20231029_140109_Gallery.jpg'),
(11, 'Opium Michael', 'sdafaslkfsa93', 'opiummichael@gmail.com', '677659812', 'paypal', 'opmichael', '21312313132', 'images/pfps/Screenshot_20230906-140119_Instagram.jpg'),
(12, 'Rizzy Sebas', '401999876Y', 'therizzyofmenorca@hotmail.com', '655782312', 'efectivo', 'therealrizz', '45', 'images/pfps/Screenshot_20230802-152749_WhatsApp.jpg'),
(13, '垛锔Sergi', '20232023AM', 'walkinguy@gmail.com', '7777777777', 'tarjeta', 'thewalkingmen', 'asdfasdfasdfasdf', 'images/pfps/Screenshot_20230802-163946_Photos.jpg'),
(14, 'Ojitos Cerrados', 'Ojitos Cerrados', 'ojitoscerrados@gmail.com', '0', 'paypal', 'ojitoscerrados', 'ojitoscerrados', 'images/pfps/Screenshot_20230802-164111_Photos.jpg'),
(15, 'M谩ximo Cand谩s Combinaci贸n', '5432432X', 'pambisitoleal@hotmail.com', '757567567', 'tarjeta', 'paco', '12021202Sidney', 'images/pfps/asap_rocky.jpg');

-- --------------------------------------------------------

--
-- Estructura de tabla para la tabla `empleados`
--

CREATE TABLE `empleados` (
  `id` int(11) NOT NULL,
  `nombre` varchar(255) DEFAULT NULL,
  `apellidos` varchar(255) DEFAULT NULL,
  `DNI` varchar(255) DEFAULT NULL,
  `email` varchar(255) DEFAULT NULL,
  `telefono` varchar(255) DEFAULT NULL,
  `cargo` varchar(255) NOT NULL,
  `id_local` int(11) DEFAULT NULL
) ENGINE=InnoDB DEFAULT CHARSET=utf8mb4 COLLATE=utf8mb4_general_ci;

--
-- Volcado de datos para la tabla `empleados`
--

INSERT INTO `empleados` (`id`, `nombre`, `apellidos`, `DNI`, `email`, `telefono`, `cargo`, `id_local`) VALUES
(1, 'Ana', 'L贸pez', '146522374', 'ana.l贸pez@company.com', '947685349', 'Recepcionista', 1),
(2, 'Pedro', 'Mart铆nez', '390027642', 'pedro.mart铆nez@company.com', '965449185', 'Gobernante', NULL),
(3, 'Mar铆a', 'Garc铆a', '123307944', 'mar铆a.garc铆a@company.com', '920913954', 'Recepcionista', 5),
(4, 'Ana', 'L贸pez', '899796132', 'ana.l贸pez@company.com', '993272206', 'Camarero', 2),
(5, 'Ana', 'L贸pez', '565184154', 'ana.l贸pez@company.com', '961827937', 'Camarero', 2),
(6, 'Pedro', 'Mart铆nez', '513194722', 'pedro.mart铆nez@company.com', '940239663', 'Camarero', 2),
(7, 'Pedro', 'Mart铆nez', '254993274', 'pedro.mart铆nez@company.com', '957216520', 'Camarero', 2),
(8, 'Ana', 'L贸pez', '102045124', 'ana.l贸pez@company.com', '975817038', 'Entrenador', 5),
(9, 'Pedro', 'Mart铆nez', '840216492', 'pedro.mart铆nez@company.com', '973835536', 'Entrenador', 5),
(10, 'Ana', 'L贸pez', '117450202', 'ana.l贸pez@company.com', '945572801', 'Entrenador', 9),
(11, 'Pedro', 'Mart铆nez', '962955054', 'pedro.mart铆nez@company.com', '992454226', 'Entrenador', 9),
(12, 'Mar铆a', 'Garc铆a', '237840962', 'mar铆a.garc铆a@company.com', '931665590', 'Presentadora', 7),
(13, 'Ana', 'L贸pez', '582755874', 'ana.l贸pez@company.com', '950629024', 'Presentadora', 8),
(14, 'Ana', 'L贸pez', '539919942', 'ana.l贸pez@company.com', '919956724', 'Boton', NULL),
(15, 'Pedro', 'Mart铆nez', '253399584', 'pedro.mart铆nez@company.com', '998542043', 'Boton', NULL),
(16, 'Pedro', 'Mart铆nez', '709589282', 'pedro.mart铆nez@company.com', '998331738', 'Boton', NULL),
(17, 'Ana', 'L贸pez', '454464772', 'ana.l贸pez@company.com', '980342373', 'Gobernanta', NULL),
(18, 'Pedro', 'Mart铆nez', '947242934', 'pedro.mart铆nez@company.com', '984052080', 'Recepcionista', 10),
(19, 'Ana', 'L贸pez', '841031944', 'ana.l贸pez@company.com', '981312790', 'Recepcionista', 11),
(20, 'Pedro', 'Mart铆nez', '957322852', 'pedro.mart铆nez@company.com', '970856470', 'Recepcionista', NULL),
(21, 'Mar铆a', 'Garc铆a', '528977584', 'mar铆a.garc铆a@company.com', '985005347', 'Recepcionista', NULL),
(22, 'Ana', 'L贸pez', '120431884', 'ana.l贸pez@company.com', '958445752', 'Recepcionista', NULL),
(23, 'Pedro', 'Mart铆nez', '608762462', 'pedro.mart铆nez@company.com', '925140166', 'Cocinero', 2),
(24, 'Ana', 'L贸pez', '937142542', 'ana.l贸pez@company.com', '914165686', 'Cocinero', 2),
(25, 'Pedro', 'Mart铆nez', '764331644', 'pedro.mart铆nez@company.com', '983333142', 'Cocinero', 2),
(26, 'Mar铆a', 'Garc铆a', '871117772', 'mar铆a.garc铆a@company.com', '953209635', 'Cocinero', 11),
(27, 'Ana', 'L贸pez', '819187724', 'ana.l贸pez@company.com', '981199476', 'Cocinero', 11),
(28, 'Ana', 'L贸pez', '345114242', 'ana.l贸pez@company.com', '911001049', 'Cocinero', 11),
(29, 'Pedro', 'Mart铆nez', '800381194', 'pedro.mart铆nez@company.com', '980193810', 'Cocinero', 2),
(30, 'Pedro', 'Mart铆nez', '195425892', 'pedro.mart铆nez@company.com', '956467541', 'Camarero', 11),
(31, 'Ana', 'L贸pez', '100335252', 'ana.l贸pez@company.com', '986753679', 'Camarero', 11),
(32, 'Pedro', 'Mart铆nez', '146414094', 'pedro.mart铆nez@company.com', '970541272', 'Camarero', 11),
(33, 'Pedro', 'Mart铆nez', '827780893', 'pedro.mart铆nez@company.com', '985716551', 'Socorrista', NULL),
(34, 'Mar铆a', 'L贸pez', '367663082', 'mar铆a.l贸pez@company.com', '965081149', 'Socorrista', NULL),
(35, 'Mar铆a', 'L贸pez', '470899604', 'mar铆a.l贸pez@company.com', '969752364', 'Socorrista', NULL),
(36, 'Pedro', 'Mart铆nez', '471103753', 'pedro.mart铆nez@company.com', '991161588', 'Socorrista', NULL),
(37, 'Mar铆a', 'L贸pez', '620116272', 'mar铆a.l贸pez@company.com', '973423339', 'Socorrista', NULL),
(38, 'Pedro', 'Mart铆nez', '724339081', 'pedro.mart铆nez@company.com', '977044366', 'Socorrista', NULL),
(39, 'Mar铆a', 'L贸pez', '247272664', 'mar铆a.l贸pez@company.com', '921383031', 'Masajista', NULL),
(40, 'Juan', 'G贸mez', '409374432', 'juan.g贸mez@company.com', '990954151', 'Masajista', NULL),
(41, 'Pedro', 'Mart铆nez', '218948213', 'pedro.mart铆nez@company.com', '930432794', 'Masajista', NULL),
(42, 'Pedro', 'Mart铆nez', '346661101', 'pedro.mart铆nez@company.com', '957967453', 'Masajista', NULL),
(43, 'Mar铆a', 'L贸pez', '809325044', 'mar铆a.l贸pez@company.com', '910920998', 'Masajista', NULL),
(44, 'Mar铆a', 'L贸pez', '906442702', 'mar铆a.l贸pez@company.com', '982070974', 'Masajista', NULL),
(45, 'Pedro', 'Mart铆nez', '852593051', 'pedro.mart铆nez@company.com', '945939901', 'Camarero', 11),
(46, 'Mar铆a', 'L贸pez', '151498994', 'mar铆a.l贸pez@company.com', '995844400', 'Camarero', 2),
(47, 'Pedro', 'Mart铆nez', '449583673', 'pedro.mart铆nez@company.com', '959550592', 'Camarero', 11),
(48, 'Mar铆a', 'L贸pez', '971125182', 'mar铆a.l贸pez@company.com', '988733111', 'Camarero', 2),
(49, 'Juan', 'G贸mez', '903206614', 'juan.g贸mez@company.com', '958575188', 'Camarero', 11),
(50, 'Pedro', 'Mart铆nez', '383833223', 'pedro.mart铆nez@company.com', '936128348', 'Camarero', 2);

-- --------------------------------------------------------

--
-- Estructura de tabla para la tabla `habitaciones`
--

CREATE TABLE `habitaciones` (
  `id` int(11) NOT NULL,
  `nombre` varchar(255) DEFAULT NULL,
  `descripcion` longtext DEFAULT NULL,
  `capacidad` int(11) DEFAULT NULL,
  `tipo` varchar(255) DEFAULT NULL,
  `estado` varchar(255) DEFAULT NULL,
  `precio` decimal(10,0) DEFAULT NULL,
  `img` varchar(255) NOT NULL
) ENGINE=InnoDB DEFAULT CHARSET=utf8mb4 COLLATE=utf8mb4_general_ci;

--
-- Volcado de datos para la tabla `habitaciones`
--

INSERT INTO `habitaciones` (`id`, `nombre`, `descripcion`, `capacidad`, `tipo`, `estado`, `precio`, `img`) VALUES
(226, 'Habitaci贸n Hotel Lima de Burgos', 'Bonita habitaci贸n en el lugar m谩s bonito de Lima.', 4, 'suite', 'booked', 2100, 'images/rooms/suite-hotellima.jpg'),
(227, 'Habitaci贸n Hotel Madrid', 'Bonita y lujosa habitaci贸n en el centro de Madrid, Espa帽a.', 4, 'suite', 'available', 950, 'images/rooms/suite-hotelmadrid.jpeg'),
(228, 'Habitaci贸n Hotel W', 'Gran y lujosa habitaci贸n el el famoso Hotel W.', 2, 'suite', 'available', 750, 'images/rooms/suite-hotelw.jpg'),
(229, 'Habitaci贸n Hotel San Carlo', 'Bonita habitaci贸n el el viejo y gran Hotel San Carlo, de Badajoz.', 4, 'suite', 'available', 3000, 'images/rooms/suite-sancarlo.jpg'),
(230, 'Habitaci贸n Hotel Bacoa', 'Bonita y lujosa habitaci贸n en el Hotel Bacoa de Portugal.', 3, 'suite', 'available', 2500, 'images/rooms/suite-hotelbacoa.jpg');

-- --------------------------------------------------------

--
-- Estructura de tabla para la tabla `locales`
--

CREATE TABLE `locales` (
  `id` int(11) NOT NULL,
  `nombre` varchar(255) DEFAULT NULL,
  `tipo` varchar(255) DEFAULT NULL,
  `ubicacion` varchar(255) DEFAULT NULL,
  `descripcion` longtext DEFAULT NULL,
  `json_caracteristicas` longtext CHARACTER SET utf8mb4 COLLATE utf8mb4_bin DEFAULT NULL CHECK (json_valid(`json_caracteristicas`))
) ENGINE=InnoDB DEFAULT CHARSET=utf8mb4 COLLATE=utf8mb4_general_ci;

--
-- Volcado de datos para la tabla `locales`
--

INSERT INTO `locales` (`id`, `nombre`, `tipo`, `ubicacion`, `descripcion`, `json_caracteristicas`) VALUES
(1, 'Local L麓Atelier', 'Tienda', 'Planta baja', 'Tienda Local L\'Atelier en la Planta Baja', '{\n    \"wifi\" : false,\n    \"aire_acondicionado\" : true,\n    \"interior\" : true,\n    \"terraza\" : false,\n    \"piscina\" : false\n}'),
(2, 'Il Porto', 'Restaurante', 'Piso 4', 'Restaurante Il Porto en el Piso 4', '{\n    \"wifi\" : true,\n    \"aire_acondicionado\" : true,\n    \"interior\" : true,\n    \"terraza\" : true,\n    \"piscina\" : false\n}'),
(3, 'Sal贸n de eventos 1', 'Sal贸n de eventos', 'Lobby', 'Sal贸n de eventos en el Lobby', '{\n    \"wifi\" : false,\n    \"aire_acondicionado\" : true,\n    \"interior\" : true,\n    \"terraza\" : false,\n    \"piscina\" : false\n}'),
(4, 'Maruja', 'Cafeter铆a', 'Piso 3', 'Cafeter铆a Maruja en el Piso 3', '{\n    \"wifi\" : true,\n    \"aire_acondicionado\" : true,\n    \"interior\" : true,\n    \"terraza\" : false,\n    \"piscina\" : false\n}'),
(5, 'Bio Sport', 'Gym', 'Piso 4', 'Gimnasio BioSport en el Piso 4', '{\n    \"wifi\" : false,\n    \"aire_acondicionado\" : false,\n    \"interior\" : false,\n    \"terraza\" : true,\n    \"piscina\" : false\n}'),
(6, 'Dior', 'Tienda', 'Piso 2', 'Tienda Dior en el Piso 2', '{\n    \"wifi\" : false,\n    \"aire_acondicionado\" : true,\n    \"interior\" : true,\n    \"terraza\" : false,\n    \"piscina\" : false\n}'),
(7, 'Sal贸n de eventos 2', 'Sal贸n de eventos', 'Terraza', 'Sal贸n de eventos en la Terraza', '{\n    \"wifi\" : false,\n    \"aire_acondicionado\" : false,\n    \"interior\" : false,\n    \"terraza\" : true,\n    \"piscina\" : false\n}'),
(8, 'Sal贸n de eventos 3', 'Sal贸n de eventos', 'Piso 1', 'Sal贸n de eventos en el Piso 1', '{\n    \"wifi\" : false,\n    \"aire_acondicionado\" : false,\n    \"interior\" : false,\n    \"terraza\" : true,\n    \"piscina\" : false\n}'),
(9, 'Bio Sport', 'Gym', 'Planta baja', 'Gimnasio BioSport en la Planta Baja', '{\n    \"wifi\" : true,\n    \"aire_acondicionado\" : true,\n    \"interior\" : true,\n    \"terraza\" : false,\n    \"piscina\" : true\n}'),
(10, 'Number (n)ine', 'Tienda', 'Piso 4', 'Tienda Number (nine) en el Piso 4', '{\n    \"wifi\" : true,\n    \"aire_acondicionado\" : true,\n    \"interior\" : true,\n    \"terraza\" : false,\n    \"piscina\" : false\n}'),
(11, 'Minerva', 'Restaurante', 'Planta baja', 'Restaurante Minerva en la Planta baja', '{\n    \"wifi\" : true,\n    \"aire_acondicionado\" : true,\n    \"interior\" : true,\n    \"terraza\" : false,\n    \"piscina\" : false\n}');

-- --------------------------------------------------------

--
-- Estructura de tabla para la tabla `reservas`
--

CREATE TABLE `reservas` (
  `id_reserva` int(11) NOT NULL,
  `id_habitacion` int(11) NOT NULL,
  `id_cliente` int(11) NOT NULL,
  `n_personas` int(8) NOT NULL,
  `data_entrada` date DEFAULT NULL,
  `data_salida` date DEFAULT NULL,
  `precio_inicial` decimal(10,0) DEFAULT NULL,
  `precio_final` decimal(10,0) DEFAULT NULL,
  `estado` varchar(255) NOT NULL,
  `json_servicios` longtext CHARACTER SET utf8mb4 COLLATE utf8mb4_bin DEFAULT NULL CHECK (json_valid(`json_servicios`))
) ENGINE=InnoDB DEFAULT CHARSET=utf8mb4 COLLATE=utf8mb4_general_ci;

--
-- Disparadores `reservas`
--
DELIMITER $$
CREATE TRIGGER `tr_reservas_delete` AFTER DELETE ON `reservas` FOR EACH ROW UPDATE habitaciones
SET estado = "Available"
WHERE NOT EXISTS (SELECT 1
                 	FROM reservas
                 	WHERE habitaciones.id =
                 	reservas.id_habitacion)
$$
DELIMITER ;
DELIMITER $$
CREATE TRIGGER `tr_reservas_insert` AFTER INSERT ON `reservas` FOR EACH ROW UPDATE habitaciones
SET estado = "Booked"
WHERE EXISTS (SELECT 1
                 	FROM reservas
                 	WHERE habitaciones.id =
                 	reservas.id_habitacion)
$$
DELIMITER ;

-- --------------------------------------------------------

--
-- Estructura Stand-in para la vista `view_reservas_limite_hoy`
-- (V茅ase abajo para la vista actual)
--
CREATE TABLE `view_reservas_limite_hoy` (
`id_reserva` int(11)
,`id_habitacion` int(11)
,`id_cliente` int(11)
,`data_entrada` date
,`data_salida` date
,`precio_inicial` decimal(10,0)
,`precio_final` decimal(10,0)
,`estado` varchar(255)
,`json_servicios` longtext
);

-- --------------------------------------------------------

--
-- Estructura para la vista `view_reservas_limite_hoy`
--
DROP TABLE IF EXISTS `view_reservas_limite_hoy`;

CREATE ALGORITHM=UNDEFINED DEFINER=`root`@`localhost` SQL SECURITY DEFINER VIEW `view_reservas_limite_hoy`  AS SELECT `reservas`.`id_reserva` AS `id_reserva`, `reservas`.`id_habitacion` AS `id_habitacion`, `reservas`.`id_cliente` AS `id_cliente`, `reservas`.`data_entrada` AS `data_entrada`, `reservas`.`data_salida` AS `data_salida`, `reservas`.`precio_inicial` AS `precio_inicial`, `reservas`.`precio_final` AS `precio_final`, `reservas`.`estado` AS `estado`, `reservas`.`json_servicios` AS `json_servicios` FROM `reservas` WHERE `reservas`.`data_salida` >= curdate() ;

--
-- ndices para tablas volcadas
--

--
-- Indices de la tabla `clientes`
--
ALTER TABLE `clientes`
  ADD PRIMARY KEY (`id`),
  ADD UNIQUE KEY `username` (`username`) USING HASH;

--
-- Indices de la tabla `empleados`
--
ALTER TABLE `empleados`
  ADD PRIMARY KEY (`id`),
  ADD KEY `id_local` (`id_local`);

--
-- Indices de la tabla `habitaciones`
--
ALTER TABLE `habitaciones`
  ADD PRIMARY KEY (`id`);

--
-- Indices de la tabla `locales`
--
ALTER TABLE `locales`
  ADD PRIMARY KEY (`id`);

--
-- Indices de la tabla `reservas`
--
ALTER TABLE `reservas`
  ADD PRIMARY KEY (`id_reserva`),
  ADD UNIQUE KEY `id_habitacion` (`id_habitacion`) USING BTREE,
  ADD UNIQUE KEY `id_cliente` (`id_cliente`) USING BTREE;

--
-- AUTO_INCREMENT de las tablas volcadas
--

--
-- AUTO_INCREMENT de la tabla `clientes`
--
ALTER TABLE `clientes`
  MODIFY `id` int(11) NOT NULL AUTO_INCREMENT, AUTO_INCREMENT=16;

--
-- AUTO_INCREMENT de la tabla `empleados`
--
ALTER TABLE `empleados`
  MODIFY `id` int(11) NOT NULL AUTO_INCREMENT, AUTO_INCREMENT=101;

--
-- AUTO_INCREMENT de la tabla `habitaciones`
--
ALTER TABLE `habitaciones`
  MODIFY `id` int(11) NOT NULL AUTO_INCREMENT, AUTO_INCREMENT=231;

--
-- AUTO_INCREMENT de la tabla `locales`
--
ALTER TABLE `locales`
  MODIFY `id` int(11) NOT NULL AUTO_INCREMENT, AUTO_INCREMENT=21;

--
-- AUTO_INCREMENT de la tabla `reservas`
--
ALTER TABLE `reservas`
  MODIFY `id_reserva` int(11) NOT NULL AUTO_INCREMENT, AUTO_INCREMENT=171;

--
-- Restricciones para tablas volcadas
--

--
-- Filtros para la tabla `empleados`
--
ALTER TABLE `empleados`
  ADD CONSTRAINT `fk_local` FOREIGN KEY (`id_local`) REFERENCES `locales` (`id`);
COMMIT;

/*!40101 SET CHARACTER_SET_CLIENT=@OLD_CHARACTER_SET_CLIENT */;
/*!40101 SET CHARACTER_SET_RESULTS=@OLD_CHARACTER_SET_RESULTS */;
/*!40101 SET COLLATION_CONNECTION=@OLD_COLLATION_CONNECTION */;
